"method","uri","query_string","count"
"GET","/v2/labels/by_label_id/29","resolution=small","72"
"GET","/v2/labels/by_label_id/35","resolution=small","67"
"GET","/v2/labels/by_label_id/27","resolution=small","69"
"GET","/v2/labels/by_label_id/63","resolution=small","70"
"GET","/v2/labels/by_label_id/17","resolution=small","69"
"GET","/v2/labels/by_label_id/2","resolution=small","47"
"GET","/v2/labels/by_label_id/52","resolution=small","47"
"GET","/uploads/cache/89/9b/899b5d017f92a92aae4f5d8f67ef1134.png","","42"
"GET","/uploads/cache/58/31/5831d8f8340db6367aff0728d14f8880.png","","42"
"GET","/v2/docs/","","2"
"GET","/favicon.ico","","1"
"GET","/v2/playlists/by_spotify_id/37i9dQZF1EQn2GRFTFMl2A","resolution=large","2"
"GET","/uploads/cache/96/cf/96cf76cd1730cdc51d4c2de429f9a0ba.jpg","","1"
"GET","/v2/playlists/by_spotify_id/37i9dQZF1DWX2Ln16qIxDF","resolution=medium","1"
"GET","/v2/albums/by_spotify_id/5riHK6RdpPjzkYYchFnJbb","resolution=medium","1"
"GET","/v2/playlists/by_spotify_id/37i9dQZF1EIV1oCGxzhRed","resolution=medium","2"
"GET","/uploads/cache/2a/94/2a94a51c0fc5554223a8d0d585d7c5ac.jpg","","2"
"GET","/uploads/cache/ef/8b/ef8b10e6061913791768db0a842efd9a.jpg","","1"
"GET","/v2/playlists/by_spotify_id/37i9dQZF1DX1V3tM4cuX0v","","1"
"GET","/v2/playlists/by_spotify_id/37i9dQZF1DX1V3tM4cuX0v","resolution=large","1"
"GET","/static/admin/js/prepopulate_init.e056047b7a7e.js","","2"
"GET","/static/admin/fonts/Roboto-Bold-webfont.50d75e48e0a3.woff","","2"
"GET","/static/admin/css/dashboard.be83f13e4369.css","","1"
"GET","/static/admin/img/icon-changelink.18d2fd706348.svg","","1"
"GET","/v2/albums/by_gras_product_id/G0100030441637","","1"
"GET","/v2/albums/by_gras_product_id/G0100030441637","resolution=large","1"
"GET","/v2/playlists/by_apple_music_id/pl.d25f5d1181894928af76c85c967f8f31","storefront=fr","1"
"GET","/v2/albums/by_apple_music_id/1136784464","resolution=large&storefront=ua","1"
"GET","/v2/albums/by_apple_track_id/1444156730","storefront=mx","1"
"POST","/admin/core_images/labelimage/61/change/","","4"
"GET","/v2/labels/by_label_id/8","","3"
"GET","/v2/labels/by_label_id/11","","3"
"GET","/v2/labels/by_label_id/12","","3"
"GET","/uploads/cache/a7/2b/a72b919d24c4fa1b6724e3f826ff528b.jpg","","1"
"GET","/uploads/cache/89/60/8960088ec396d2d3c21f4c15aae49196.jpg","","1"
"GET","/uploads/cache/5e/c3/5ec380ec2d9deba9d506ed1d5f766779.png","","1"
"GET","/uploads/cache/d0/c3/d0c30c0faa790f59c2909f22e584061f.jpg","","1"
"GET","/v2/albums/by_spotify_track_id/1Fid2jjqsHViMX6xNH70hE","resolution=medium","1"
"GET","/v2/albums/by_spotify_track_id/3JvKfv6T31zO0ini8iNItO","resolution=small","1"
"GET","/v2/artists/by_gras_participant_ids/1626000%252C%2520195945","resolution=medium","1"
"GET","/v2/playlists/by_apple_music_id/pl.f4d106fed2bd41149aaacabb233eb5eb","storefront=mx","1"
"GET","/v2/labels/by_label_id/60","resolution=small","72"
"GET","/v2/labels/by_label_id/46","resolution=small","50"
"GET","/uploads/cache/9c/89/9c89aa1f69154f10e7c4ec83cf1bf4ed.png","","44"
"GET","/uploads/cache/90/44/9044a93b31456446ed9b50becb22e4f0.png","","43"
"GET","/uploads/cache/e3/d6/e3d65df6fe1be4ddeb10f305594a2dbe.png","","45"
"GET","/v2/playlists/by_spotify_id/37i9dQZF1EQn2GRFTFMl2A","","3"
"GET","/uploads/cache/9a/d0/9ad0e971260b65650540de7b252e37ed.jpg","","3"
"GET","/uploads/cache/67/dd/67dd43b4987f41dc7c216a3ea6685144.jpg","","2"
"GET","/v2/playlists/by_spotify_id/1gi2iwr1l8IUyHYHxi01pg","resolution=large","1"
"GET","/uploads/cache/b1/75/b175937c00d65bca14804de301d4e4ee.jpg","","1"
"GET","/uploads/cache/fc/54/fc54797465b8f7f4bbed5db6bb174b24.jpg","","2"
"GET","/v2/playlists/by_spotify_id/37i9dQZF1DWX2Ln16qIxDF","","1"
"GET","/v2/albums/by_spotify_track_id/1Ql960yB09K3PcjJsFbdMc%253Fsi%253D9fee39bba7c347d7","resolution=small","1"
"GET","/v2/albums/by_apple_music_id/1444156266","resolution=medium&storefront=us","1"
"GET","/uploads/cache/93/32/933269e3fe17d4b4576785bce0b27cbb.jpg","","2"
"GET","/uploads/cache/fc/8d/fc8d8e2b1618616ed6cf05f1eb56f7cf.jpg","","1"
"GET","/uploads/cache/50/65/506580d95fd43fbe5c1ede7da37ae88a.jpg","","2"
"GET","/v2/playlists/by_spotify_id/37i9dQZF1EIVI5mTXdFkKe","resolution=small","1"
"GET","/admin/core_images/fallbackurl/56/change/","","2"
"GET","/static/admin/css/widgets.694d845b2cb1.css","","2"
"GET","/static/admin/js/jquery.init.b7781a0897fc.js","","2"
"GET","/static/admin/js/vendor/xregexp/xregexp.min.b0439563a5d3.js","","2"
"GET","/static/admin/css/responsive.b128bdf0edef.css","","1"
"GET","/static/admin/img/icon-deletelink.564ef9dc3854.svg","","1"
"GET","/uploads/cache/43/bf/43bf3bb17aa93e6b0b7b9e360e7fd698.jpg","","6"
"GET","/v2/labels/by_label_id/test%2520h","resolution=medium","1"
"GET","/v2/labels/by_label_id/test%2520h","resolution=large","2"
"GET","/v2/artists/by_gras_participant_ids/1928011%252CtestGrasID","","1"
"GET","/v2/albums/by_apple_music_id/1136784464","resolution=large&storefront=us","1"
"GET","/v2/albums/by_apple_track_id/1444156730","storefront=us","1"
"GET","/v2/labels/by_label_id/58","resolution=small","3"
"GET","/v2/labels/by_label_id/10","","3"
"GET","/v2/labels/by_label_id/test111","resolution=small","2"
"GET","/v2/labels/by_label_id/test","resolution=small","2"
"GET","/v2/playlists/by_spotify_id/37i9dQZF1DXbbu94YBG7Ye","resolution=large","1"
"GET","/v2/playlists/by_spotify_id/37i9dQZEVXbfqoQX4qHgFI","resolution=small","1"
"GET","/v2/albums/by_gras_product_id/G010000516410U","","1"
"GET","/v2/albums/by_gras_product_ids/G010001986910G%252C%2520G010000516410U","resolution=large","1"
"GET","/v2/albums/by_spotify_track_id/1Fid2jjqsHViMX6xNH70hE","resolution=large","1"
"GET","/v2/artists/by_spotify_id/5V0MlUE1Bft0mbLlND7FJz","","1"
"GET","/v2/artists/by_spotify_id/5V0MlUE1Bft0mbLlND7FJz","resolution=large","1"
"GET","/v2/playlists/by_apple_music_id/pl.f4d106fed2bd41149aaacabb233eb5eb","resolution=small&storefront=mx","1"
"GET","/v2/playlists/by_apple_music_id/pl.f4d106fed2bd41149aaacabb233eb5eb","resolution=large&storefront=mx","1"
"GET","/v2/labels/by_label_id/14","resolution=small","69"
"GET","/v2/labels/by_label_id/72","resolution=small","71"
"GET","/v2/labels/by_label_id/67","resolution=small","72"
"GET","/v2/labels/by_label_id/19","resolution=small","69"
"GET","/v2/labels/by_label_id/42","resolution=small","69"
"GET","/v2/labels/by_label_id/55","resolution=small","70"
"GET","/v2/labels/by_label_id/70","resolution=small","70"
"GET","/v2/labels/by_label_id/48","resolution=small","47"
"GET","/v2/labels/by_label_id/49","resolution=small","46"
"GET","/v2/labels/by_label_id/47","resolution=small","50"
"GET","/uploads/cache/f7/2f/f72f344593b37cb2762037024b2b51b5.png","","45"
"GET","/v2/playlists/by_spotify_id/37i9dQZF1E38aXNCzOiJzm","resolution=large","2"
"GET","/v2/playlists/by_spotify_id/37i9dQZF1E38aXNCzOiJzm","resolution=medium","1"
"GET","/uploads/cache/7a/3e/7a3ed99ddd0b10795f6c6cd20a14e139.jpg","","2"
"GET","/v2/albums/by_spotify_id/5riHK6RdpPjzkYYchFnJbb","resolution=small","2"
"GET","/v2/albums/by_apple_music_id/1444156266","resolution=small&storefront=us","1"
"GET","/uploads/cache/96/26/962679da38311c96837a61930dfea03a.jpg","","1"
"GET","/v2/playlists/by_spotify_id/37i9dQZF1EIY9a7XqwKsdq","resolution=large","1"
"GET","/uploads/cache/f7/60/f760507abfe704631c693ed7da9be433.jpg","","2"
"GET","/admin/jsi18n/","","23"
"GET","/static/admin/js/change_form.9d8ca4f96b75.js","","2"
"GET","/static/admin/js/actions.3edba334d0a4.js","","2"
"GET","/static/admin/css/changelists.c70d77c47e69.css","","2"
"GET","/static/admin/img/search.7cf54ff789c6.svg","","2"
"GET","/v2/artists/by_gras_participant_id/1626000","resolution=large","1"
"GET","/static/admin/img/icon-addlink.d519b3bab011.svg","","1"
"GET","/uploads/cache/b8/af/b8afeefd8d104f874e0a91082cfa1970.png","","4"
"GET","/v2/albums/by_apple_music_id/1065973699","storefront=us","1"
"GET","/v2/albums/by_apple_music_id/1065973699","resolution=large&storefront=us","1"
"GET","/v2/albums/by_apple_music_id/1065973699","resolution=large&storefront=ua","1"
"GET","/uploads/cache/bd/e4/bde4a9809e83a1d0ecc4a6fe48705a27.png","","2"
"GET","/v2/labels/by_label_id/3","","3"
"GET","/v2/labels/by_label_id/test1111","","1"
"GET","/uploads/cache/86/95/869589e78d7cb0e53cc20326a66ef4e5.jpg","","2"
"GET","/uploads/cache/4c/35/4c3548960368190b864825734245d3a4.jpg","","1"
"GET","/uploads/cache/b8/d2/b8d292b389931aeb987b31ea5d1b3d26.jpg","","1"
"GET","/v2/artists/by_spotify_id/00FQb4jTyendYWaN8pK0wa","resolution=medium","1"
"GET","/v2/artists/by_spotify_id/00FQb4jTyendYWaN8pK0wa","resolution=large","1"
"GET","/v2/albums/by_gras_product_id/G010000516410U","resolution=medium","2"
"GET","/v2/artists/by_gras_participant_id/fix_test1","resolution=small","1"
"GET","/v2/artists/by_gras_participant_id/fix_test11","","1"
"GET","/v2/albums/by_spotify_track_id/6OG05bPAwUuV3OMvy2Vy1P","resolution=small","1"
"GET","/v2/albums/by_spotify_track_id/2GRJSWMZIFKY9HHojvuNnK","resolution=small","1"
"GET","/v2/artists/by_gras_participant_ids/1626000%252C%2520195945","resolution=small","1"
"GET","/v2/labels/by_label_id/32","resolution=small","69"
"GET","/v2/labels/by_label_id/16","resolution=small","73"
"GET","/v2/labels/by_label_id/26","resolution=small","72"
"GET","/v2/labels/by_label_id/62","resolution=small","72"
"GET","/v2/labels/by_label_id/31","resolution=small","67"
"GET","/v2/labels/by_label_id/71","resolution=small","70"
"GET","/v2/labels/by_label_id/69","resolution=small","70"
"GET","/v2/labels/by_label_id/7","resolution=small","48"
"GET","/v2/labels/by_label_id/44","resolution=small","66"
"GET","/v2/labels/by_label_id/50","resolution=small","47"
"GET","/v2/labels/by_label_id/3","resolution=small","47"
"GET","/uploads/cache/d8/0d/d80d5fef5bf4f659ac88d19e391ca9c1.png","","45"
"GET","/uploads/cache/1a/c6/1ac674624c616d524b9be608b0b4360b.jpg","","2"
"GET","/v2/playlists/by_spotify_id/37i9dQZF1DWX2Ln16qIxDF","resolution=large","3"
"GET","/v2/albums/by_spotify_id/5riHK6RdpPjzkYYchFnJbb","resolution=large","1"
"GET","/v2/albums/by_spotify_track_id/1Ql960yB09K3PcjJsFbdMc%253Fsi%253D9fee39bba7c347d7","","1"
"GET","/v2/playlists/by_spotify_id/37i9dQZF1EIV1oCGxzhRed","resolution=large","2"
"GET","/v2/playlists/by_spotify_id/37i9dQZF1EIY9a7XqwKsdq","resolution=small","1"
"GET","/admin/","","4"
"GET","/static/admin/js/admin/RelatedObjectLookups.b4d76b6aaf0b.js","","2"
"GET","/static/admin/js/urlify.25cc3eac8123.js","","2"
"GET","/static/admin/css/base.1f418065fc2c.css","","1"
"GET","/static/admin/css/fonts.168bab448fee.css","","1"
"GET","/uploads/cache/78/9d/789d2d45b8215363d2200fc3e91be009.jpg","","6"
"GET","/admin/core_images/labelimage/60/change/","","1"
"GET","/uploads/cache/ea/33/ea3331fe42e7ea86e29c89b81dcd6794.jpg","","1"
"GET","/v2/artists/by_gras_participant_id/test%2520token","resolution=large","1"
"GET","/v2/albums/by_apple_track_id/1440929293","resolution=medium&storefront=us","1"
"GET","/v2/albums/by_apple_music_id/1136784464","storefront=us","1"
"GET","/v2/albums/by_apple_track_id/i%253D1444156730","storefront=us","1"
"GET","/v2/albums/by_apple_track_id/1444156730","resolution=medium&storefront=mx","1"
"GET","/v2/labels/by_label_id/6","","3"
"GET","/admin/core_images/fallbackurl/add/","","1"
"GET","/v2/artists/by_gras_participant_id/fix_test1","resolution=medium","1"
"GET","/v2/labels/by_label_id/test%2520l","resolution=large","3"
"GET","/uploads/cache/ae/5a/ae5af51c64cad527cdc6b6662b87a560.jpg","","1"
"GET","/v2/artists/by_spotify_id/00FQb4jTyendYWaN8pK0wa","resolution=small","1"
"GET","/v2/albums/by_gras_product_ids/G010001986910G%252C%2520G010000516410U","resolution=medium","1"
"GET","/v2/artists/by_gras_participant_id/fix_test112","","1"
"GET","/v2/artists/by_spotify_id/5V0MlUE1Bft0mbLlND7FJz","resolution=medium","2"
"GET","/v2/labels/by_label_id/39","resolution=small","69"
"GET","/v2/labels/by_label_id/36","resolution=small","66"
"GET","/v2/labels/by_label_id/12","resolution=small","69"
"GET","/v2/labels/by_label_id/22","resolution=small","72"
"GET","/v2/labels/by_label_id/64","resolution=small","70"
"GET","/v2/labels/by_label_id/66","resolution=small","71"
"GET","/v2/labels/by_label_id/11","resolution=small","70"
"GET","/v2/labels/by_label_id/65","resolution=small","70"
"GET","/v2/labels/by_label_id/20","resolution=small","69"
"GET","/v2/labels/by_label_id/51","resolution=small","47"
"GET","/uploads/cache/2c/6c/2c6c1a19ebd124e1bcd6644d8ca531f1.png","","44"
"GET","/uploads/cache/6e/28/6e2842a3451818ae7f7318f324896fb1.png","","45"
"GET","/uploads/cache/50/07/5007d88898ee2edf2ea77dd424aaac35.png","","42"
"GET","/uploads/cache/7c/90/7c900e5f2863b15ded25c47ecc91d7af.png","","43"
"GET","/uploads/cache/86/ea/86ea6e9692131f84e4b2c1b5b357d6cc.png","","43"
"GET","/v2/albums/by_spotify_track_id/1Ql960yB09K3PcjJsFbdMc%253Fsi%253D9fee39bba7c347d7","resolution=medium","1"
"GET","/uploads/cache/a5/16/a51601c7021c47297b0dc5ef48609d68.jpg","","2"
"GET","/v2/playlists/by_spotify_id/37i9dQZF1EIUutZ8JokfM0","resolution=medium","2"
"GET","/admin","","2"
"GET","/admin/login/","next=/admin/","1"
"GET","/static/admin/js/core.ccd84108ec57.js","","2"
"GET","/static/admin/js/prepopulate.bd2361dfd64d.js","","2"
"GET","/v2/artists/by_gras_participant_id/1626000","","2"
"GET","/admin/core_images/labelimage/","","9"
"GET","/v2/labels/by_label_id/test%2520h","resolution=small","1"
"GET","/v2/albums/by_apple_music_id/1444156266","resolution=large&storefront=us","1"
"GET","/v2/labels/by_label_id/1","","3"
"GET","/v2/labels/by_label_id/2","","3"
"GET","/v2/labels/by_label_id/30","resolution=small","5"
"GET","/uploads/cache/3a/04/3a048b2750530c07628d2fdd69cbb14a.jpg","","1"
"GET","/v2/playlists/by_spotify_id/37i9dQZF1DX7lkAsA4QOXG","","1"
"GET","/v2/albums/by_gras_product_id/G010000516410U","resolution=small","1"
"GET","/v2/albums/by_gras_product_ids/G010001986910G%252C%2520G010000516410U","","1"
"GET","/v2/albums/by_spotify_id/5riHK6RdpPjzkYYchFnJbb","","1"
"GET","/v2/albums/by_spotify_track_id/1Fid2jjqsHViMX6xNH70hE","resolution=small","2"
"GET","/v2/artists/by_gras_participant_ids/1626000%252C%2520195945","","1"
"GET","/v2/labels/by_label_id/40","resolution=small","69"
"GET","/v2/labels/by_label_id/61","resolution=small","71"
"GET","/v2/labels/by_label_id/18","resolution=small","71"
"GET","/v2/labels/by_label_id/5","resolution=small","67"
"GET","/v2/labels/by_label_id/38","resolution=small","69"
"GET","/v2/labels/by_label_id/45","resolution=small","71"
"GET","/v2/labels/by_label_id/54","resolution=small","46"
"GET","/v2/labels/by_label_id/15","resolution=small","45"
"GET","/uploads/cache/0d/b2/0db20ecf054cde9795b34415936cb20d.png","","43"
"GET","/uploads/cache/20/0e/200e56c27a8d8d0a5e9c5f5f0f6f0952.png","","41"
"GET","/v2/playlists/by_spotify_id/37i9dQZF1EQn2GRFTFMl2A","resolution=medium","3"
"GET","/v2/playlists/by_spotify_id/37i9dQZF1E38aXNCzOiJzm","resolution=small","1"
"GET","/uploads/cache/b7/a3/b7a34379041e40fb0a6719c563460dd2.jpg","","1"
"GET","/v2/playlists/by_spotify_id/37i9dQZF1EIUutZ8JokfM0","resolution=small","1"
"GET","/v2/playlists/by_spotify_id/37i9dQZF1EIY9a7XqwKsdq","","2"
"GET","/uploads/cache/a9/11/a91180a953567b34a5f7f56c887371a4.jpg","","1"
"GET","/static/admin/fonts/Roboto-Regular-webfont.35b07eb2f871.woff","","2"
"GET","/static/admin/js/vendor/jquery/jquery.min.dc5e7f18c8d3.js","","2"
"GET","/v2/artists/by_gras_participant_id/1626000","resolution=small","1"
"GET","/v2/artists/by_gras_participant_id/1626000","resolution=medium","1"
"GET","/static/admin/css/nav_sidebar.0fd434145f4d.css","","1"
"GET","/v2/labels/by_label_id/test%2520h","","1"
"GET","/uploads/cache/7e/49/7e49d9976f564a1774d0f6de0d45916c.jpg","","1"
"POST","/admin/core_images/labelimage/60/change/","","2"
"GET","/static/admin/img/icon-yes.d2f9f035226a.svg","","1"
"GET","/v2/albums/by_gras_product_ids/84421600332%252C%252084421700232","","1"
"GET","/v2/playlists/by_apple_music_id/pl.d25f5d1181894928af76c85c967f8f31","storefront=us","1"
"GET","/v2/albums/by_apple_track_id/1444156266%253Fi%253D1444156730","storefront=us","1"
"GET","/v2/albums/by_apple_track_id/1444156730","resolution=large&storefront=mx","1"
"GET","/v2/labels/by_label_id/9","","3"
"GET","/admin/login/","next=/admin/core_images/labelimage/","1"
"GET","/uploads/cache/e4/eb/e4ebbc8df5ac1cfcc47f50ae8220d070.png","","1"
"GET","/uploads/cache/77/f5/77f5bcfe3f233b86dab58860d543fdf3.jpg","","2"
"GET","/uploads/cache/5a/13/5a1322bf5edcf9c65ff1f3bc7d908270.jpg","","1"
"GET","/v2/playlists/by_spotify_id/37i9dQZF1DX7lkAsA4QOXG","resolution=small","1"
"GET","/v2/albums/by_gras_product_id/G010000516410U","resolution=large","1"
"GET","/v2/albums/by_spotify_id/7fZKtzZAsfH0kzeTivu5TG","resolution=small","1"
"GET","/v2/labels/by_label_id/25","resolution=small","66"
"GET","/v2/labels/by_label_id/68","resolution=small","70"
"GET","/v2/labels/by_label_id/6","resolution=small","72"
"GET","/v2/labels/by_label_id/23","resolution=small","66"
"GET","/v2/labels/by_label_id/13","resolution=small","66"
"GET","/v2/labels/by_label_id/8","resolution=small","69"
"GET","/v2/labels/by_label_id/33","resolution=small","67"
"GET","/uploads/cache/5e/6a/5e6a46814605860a13d67958efbb4cb5.png","","56"
"GET","/v2/labels/by_label_id/53","resolution=small","46"
"GET","/v2/labels/by_label_id/56","resolution=small","48"
"GET","/uploads/cache/5d/45/5d45ee78abe87ff59df3f49a06be2587.png","","61"
"GET","/uploads/cache/2f/55/2f551218cad33500211b292ff344be64.png","","42"
"GET","/v2/docs/openapi.yaml","","2"
"GET","/v2/playlists/by_spotify_id/37i9dQZF1EQn2GRFTFMl2A","resolution=small","2"
"GET","/uploads/cache/68/fa/68fa3eefff043f46fbf46a3580ca48c4.jpg","","2"
"GET","/v2/playlists/by_spotify_id/37i9dQZF1E38aXNCzOiJzm","","1"
"GET","/v2/albums/by_spotify_track_id/1Ql960yB09K3PcjJsFbdMc%253Fsi%253D9fee39bba7c347d7","resolution=large","1"
"GET","/v2/albums/by_apple_music_id/1444156266","storefront=us","1"
"GET","/v2/playlists/by_spotify_id/37i9dQZEVXbfqoQX4qHgFI","resolution=medium","4"
"GET","/v2/playlists/by_spotify_id/37i9dQZF1EIV1oCGxzhRed","","4"
"GET","/v2/playlists/by_spotify_id/37i9dQZF1DWV1aB8CABG7f","","1"
"GET","/uploads/cache/36/0c/360c65efd36afccdd070577c19f6c45a.jpg","","1"
"GET","/v2/playlists/by_spotify_id/37i9dQZF1DWV1aB8CABG7f","resolution=large","1"
"GET","/v2/playlists/by_spotify_id/37i9dQZF1DX1V3tM4cuX0v","resolution=small","2"
"GET","/v2/artists/by_gras_participant_id/test12345","","8"
"GET","/uploads/cache/52/65/52650cbd0d6a93f2c610dba3c4dbf356.png","","6"
"GET","/v2/artists/by_gras_participant_id/test12345","resolution=large","5"
"GET","/v2/playlists/by_apple_music_id/pl.d25f5d1181894928af76c85c967f8f31","resolution=large&storefront=ua","1"
"GET","/v2/playlists/by_apple_music_id/pl.d25f5d1181894928af76c85c967f8f31","resolution=large&storefront=us","1"
"GET","/v2/albums/by_apple_track_id/1440929293","resolution=large&storefront=us","1"
"GET","/v2/albums/by_apple_track_id/1444156730","resolution=small&storefront=mx","1"
"GET","/v2/labels/by_label_id/test%25201","resolution=large","1"
"GET","/admin/core_images/labelimage/61/change/","","3"
"GET","/uploads/cache/e2/eb/e2eb0442d36b23078401f00a42a51a73.jpg","","1"
"GET","/v2/albums/by_apple_track_id/1440929293","resolution=small&storefront=us","1"
"GET","/v2/labels/by_label_id/test111","resolution=large","3"
"GET","/v2/albums/by_spotify_track_id/7wl1m5vgWkCP3cqYVj2noM","","1"
"GET","/v2/playlists/by_spotify_id/37i9dQZF1DX7lkAsA4QOXG","resolution=large","1"
"GET","/v2/playlists/by_spotify_id/37i9dQZF1DX7lkAsA4QOXG","resolution=medium","1"
"GET","/admin/core_images/fallbackurl/84/change/","","3"
"POST","/admin/core_images/fallbackurl/84/change/","","3"
"GET","/v2/playlists/by_apple_music_id/pl.f4d106fed2bd41149aaacabb233eb5eb","storefront=us","1"
"GET","/v2/playlists/by_apple_music_id/pl.f4d106fed2bd41149aaacabb233eb5eb","resolution=medium&storefront=mx","1"
"GET","/v2/labels/by_label_id/9","resolution=small","69"
"GET","/v2/labels/by_label_id/24","resolution=small","69"
"GET","/v2/labels/by_label_id/59","resolution=small","84"
"GET","/v2/labels/by_label_id/37","resolution=small","66"
"GET","/v2/labels/by_label_id/28","resolution=small","69"
"GET","/v2/labels/by_label_id/34","resolution=small","69"
"GET","/v2/labels/by_label_id/41","resolution=small","69"
"GET","/v2/labels/by_label_id/10","resolution=small","72"
"GET","/v2/labels/by_label_id/21","resolution=small","69"
"GET","/v2/playlists/by_spotify_id/37i9dQZF1EIUutZ8JokfM0","","11"
"GET","/uploads/cache/8f/c1/8fc1d335f97c0e33e4d1bc5eda7e99b3.jpg","","10"
"GET","/v2/labels/by_label_id/1","resolution=small","47"
"GET","/v2/labels/by_label_id/57","resolution=small","47"
"GET","/uploads/cache/82/d0/82d0fd6eeec268548db42073b4bdfdba.png","","47"
"GET","/v2/playlists/by_spotify_id/%252037i9dQZF1EQn2GRFTFMl2A","","1"
"GET","/v2/playlists/by_spotify_id/37i9dQZF1DWX2Ln16qIxDF","resolution=small","1"
"GET","/v2/playlists/by_spotify_id/37i9dQZF1DWV1aB8CABG7f","resolution=medium","1"
"GET","/static/admin/css/forms.1d89ec6432f5.css","","2"
"GET","/static/admin/fonts/Roboto-Light-webfont.c73eb1ceba33.woff","","2"
"GET","/admin/core_images/fallbackurl/","","6"
"GET","/static/admin/img/tooltag-add.e59d620a9742.svg","","2"
"GET","/static/admin/js/nav_sidebar.7605597ddf52.js","","1"
"GET","/uploads/cache/45/c7/45c7da5d2a6311e1ea68f34ed26229e9.jpg","","2"
"GET","/v2/labels/by_label_id/test%2520h1","resolution=large","1"
"GET","/v2/labels/by_label_id/test%2520h1","","1"
"GET","/v2/artists/by_gras_participant_id/1928011","resolution=medium","1"
"GET","/v2/playlists/by_apple_music_id/pl.d25f5d1181894928af76c85c967f8f31","resolution=large&storefront=fr","1"
"GET","/v2/albums/by_apple_music_id/1065973699","resolution=medium&storefront=us","1"
"GET","/v2/albums/by_apple_track_id/1440929293","storefront=us","1"
"GET","/v2/labels/by_label_id/test1111","resolution=medium","1"
"GET","/v2/labels/by_label_id/5","","2"
"GET","/v2/albums/by_gras_product_id/fix_test1","resolution=large","1"
"GET","/v2/albums/by_gras_product_id/G0100030441637","fallback_spotify_id=fix_test1&resolution=large","1"
"POST","/admin/core_images/fallbackurl/add/","","1"
"GET","/v2/albums/by_apple_music_id/1065973699","resolution=medium&storefront=fr","1"
"GET","/v2/labels/by_label_id/test111","","1"
"GET","/v2/labels/by_label_id/test111","resolution=medium","2"
"GET","/v2/playlists/by_spotify_id/37i9dQZEVXbfqoQX4qHgFI","","1"
"GET","/v2/playlists/by_spotify_id/37i9dQZF1DXbbu94YBG7Ye","resolution=medium","1"
"GET","/v2/playlists/by_spotify_id/37i9dQZF1DXbbu94YBG7Ye","resolution=small","1"
"GET","/v2/playlists/by_spotify_id/37i9dQZEVXbfqoQX4qHgFI","resolution=large","1"
"GET","/uploads/cache/3f/ef/3fefcd7b75a427b73d81649f749458bf.jpg","","1"
"GET","/v2/artists/by_gras_participant_id/fix_test1","","2"
"GET","/v2/artists/by_spotify_id/5V0MlUE1Bft0mbLlND7FJz","resolution=small","2"
